名字,UID,房间号
艾因Eine,421267475,21403601
琉绮Ruki,420049427,21403609
七海Nana7mi,434334701,21452505
中单光一,434401868,21457197
一果Ichigo,434341786,21571739
无理Muri,455916618,21571739
羽音Hanon,455965041,21669084
有加plus,472845978,21613353
喵月nyatsuki,472821519,21615277
惑姬Waku,472877684,21613356
弥希Miki,477317922,21672023
星弥Hoshimi,477342747,21672022
真绯mahiru,477306079,21672024
阿萨Aza,480680646,21696950
八木迪之,480675481,21696929
度人Tabibito,474369808,21696957
罗伊_Roi,480745939,21696953
星也seiya,319870877,21763337
沙夜_Saya,490331391,21763344
雪绘Yukie,56748733,21756924
花留Karu,370687588,22111428
紫纪Shiki,370687372,22111414
帕克丝Pax,370688671,22111450
萨麦尔_Samael,370689210,22111450
御水Mimoi,370689338,22389314
千春_Chiharu,558070433,22389319
卡欧斯_Chaos,628292881,22389314
清良Kiyora,558070436,22389323
瑞芙Reve,666726802,22470204
星宸Sirius,666726800,22470210
悠亚Yua,666726799,22470216
勺Shaun,666726801,22470208
田野柴Tanoshiba,690608706,22605469
茉里Mari,690608686,22605463
千幽Chiyuu,690608691,22605464
伊深Imi,690608694,22605466
勾檀Mayumi,690608693,22778610
犬童Kendou,690608701,22778617
九十九_Tsukumo,690608702,22778627
蕾米Remi,690608687,22778596
桃星Tocci,690608704,23017349
轴伊Joi_Channel,61639371,21484828
吉吉Kiti,690608688,23017343
绮楼Qilou,690608696,23017349
恋诗夜Koxia,690608690,23260932
库伽Hakuja,690608695,23260979
未羽Miyu,690608692,23260965
夜宫Yomiya,690608689,23260856
瑞娅_Rhea,690608698,23260993
尤格Yog,690608709,23550749
克克_Keke,690608711,23550784
暴食Hunger,690608710,23550773
友夏Uka,690608712,23550793
希维Sybil,1405589619,23805059
雾深Girimi,1484169431,23805029
狩砂Karisa,690608714,23805078
希侑Kiyuu,1155425566,23805066
莱恩Leo,1116072703,25788858
江乱Era,1739085910,25788830
岁己SUI,1954091502,25788785
伊舞Eve,1542516095,26966452
欧珀Opal,1827139579,25762103
Shiori,1609526545,26966466
哎小呜Awu,1567394869,27627985
初濑Hatsuse,1711724633,27628009
未知夜Michiya,1296515170,27628030
雨纪_Ameki,1932862336,27628019
月gGaru,1944489788,30655185
入福步Ayumi,1297910179,30655179
弥月Mizuki,1789460279,30655190
离枝Richi,2080519347,30655172
库拉乌Kurau,1466298310,30655205
蜜言Mikoto,1609795310,30655198
漆羽Urushiha,2057377595,30655213
晴一Hajime,1616183604,30655203
帕可Pako,1978590132,31368686
米汀Nagisa,2124647716,31368705
向阳Hihi,1694351351,31368680
雪烛Yukisyo,2039332008,31368697
鬼间Kima,1570525137,32638817
阿命Inochi,1526446007,32638818
花礼Harei,1048135385,1820703922
点酥Susu,1323355750,1766907940
桃代Momoka,2040984069,1766909591
泽音Melody,1203217682,1947277414
,,
樱樱火Official,425642,11367
菜菜子Nanako,595407557,22359795
祖娅纳惜,3046429,938957
幽乐咩Ureme,1481781085,24102587
安堂いなり_official,392505232,21224291
蜜球兔,1750561,8721033
阿梓从小就很可爱,7706705,510
小可学妹,14387072,605
鹤森Mori,558070435,22459095
宫园凛RinMiyazono,12485637,784734
舒三妈Susam,6853766,3032130
糯依Noi,176836079,6068126
诺莺Nox,529249,282208
沐是MUMU呀,1878154667,23771139
恬豆发芽了,1660392980,23771189
梨安不迷路,1900141897,23770996
又一充电中,1217754423,23771092
